{
  "US-AL": {
    "title": "dr. martin luther king jr. day",
    "link": "https://trends.google.com/trending/rss?geo=US-AL"
  },
  "US-AK": {
    "title": "dr. martin luther king jr. day",
    "link": "https://trends.google.com/trending/rss?geo=US-AK"
  },
  "US-AZ": {
    "title": "jerry rice",
    "link": "https://trends.google.com/trending/rss?geo=US-AZ"
  },
  "US-AR": {
    "title": "dr. martin luther king jr. day",
    "link": "https://trends.google.com/trending/rss?geo=US-AR"
  },
  "US-CA": {
    "title": "novak djokovic",
    "link": "https://trends.google.com/trending/rss?geo=US-CA"
  },
  "US-CO": {
    "title": "weather denver",
    "link": "https://trends.google.com/trending/rss?geo=US-CO"
  },
  "US-CT": {
    "title": "wfsb",
    "link": "https://trends.google.com/trending/rss?geo=US-CT"
  },
  "US-DE": {
    "title": "nfl playoffs",
    "link": "https://trends.google.com/trending/rss?geo=US-DE"
  },
  "US-FL": {
    "title": "miami weather",
    "link": "https://trends.google.com/trending/rss?geo=US-FL"
  },
  "US-GA": {
    "title": "when is martin luther king birthday",
    "link": "https://trends.google.com/trending/rss?geo=US-GA"
  },
  "US-HI": {
    "title": "dr. martin luther king jr. day",
    "link": "https://trends.google.com/trending/rss?geo=US-HI"
  },
  "US-ID": {
    "title": "dr. martin luther king jr. day",
    "link": "https://trends.google.com/trending/rss?geo=US-ID"
  },
  "US-IL": {
    "title": "when is martin luther king birthday",
    "link": "https://trends.google.com/trending/rss?geo=US-IL"
  },
  "US-IN": {
    "title": "school closings",
    "link": "https://trends.google.com/trending/rss?geo=US-IN"
  },
  "US-IA": {
    "title": "dr. martin luther king jr. day",
    "link": "https://trends.google.com/trending/rss?geo=US-IA"
  },
  "US-KS": {
    "title": "dr. martin luther king jr. day",
    "link": "https://trends.google.com/trending/rss?geo=US-KS"
  },
  "US-KY": {
    "title": "dr. martin luther king jr. day",
    "link": "https://trends.google.com/trending/rss?geo=US-KY"
  },
  "US-LA": {
    "title": "freeze warning",
    "link": "https://trends.google.com/trending/rss?geo=US-LA"
  },
  "US-ME": {
    "title": "dr. martin luther king jr. day",
    "link": "https://trends.google.com/trending/rss?geo=US-ME"
  },
  "US-MD": {
    "title": "weather channel",
    "link": "https://trends.google.com/trending/rss?geo=US-MD"
  },
  "US-MA": {
    "title": "clima",
    "link": "https://trends.google.com/trending/rss?geo=US-MA"
  },
  "US-MI": {
    "title": "dr. martin luther king jr. day",
    "link": "https://trends.google.com/trending/rss?geo=US-MI"
  },
  "US-MN": {
    "title": "wordle hint today",
    "link": "https://trends.google.com/trending/rss?geo=US-MN"
  },
  "US-MS": {
    "title": "dr. martin luther king jr. day",
    "link": "https://trends.google.com/trending/rss?geo=US-MS"
  },
  "US-MO": {
    "title": "dr. martin luther king jr. day",
    "link": "https://trends.google.com/trending/rss?geo=US-MO"
  },
  "US-MT": {
    "title": "dr. martin luther king jr. day",
    "link": "https://trends.google.com/trending/rss?geo=US-MT"
  },
  "US-NE": {
    "title": "dr. martin luther king jr. day",
    "link": "https://trends.google.com/trending/rss?geo=US-NE"
  },
  "US-NV": {
    "title": "dr. martin luther king jr. day",
    "link": "https://trends.google.com/trending/rss?geo=US-NV"
  },
  "US-NH": {
    "title": "dr. martin luther king jr. day",
    "link": "https://trends.google.com/trending/rss?geo=US-NH"
  },
  "US-NJ": {
    "title": "miami vs indiana",
    "link": "https://trends.google.com/trending/rss?geo=US-NJ"
  },
  "US-NM": {
    "title": "dr. martin luther king jr. day",
    "link": "https://trends.google.com/trending/rss?geo=US-NM"
  },
  "US-NY": {
    "title": "silver",
    "link": "https://trends.google.com/trending/rss?geo=US-NY"
  },
  "US-NC": {
    "title": "nyt wordle",
    "link": "https://trends.google.com/trending/rss?geo=US-NC"
  },
  "US-ND": {
    "title": "dr. martin luther king jr. day",
    "link": "https://trends.google.com/trending/rss?geo=US-ND"
  },
  "US-OH": {
    "title": "weather channel",
    "link": "https://trends.google.com/trending/rss?geo=US-OH"
  },
  "US-OK": {
    "title": "dr. martin luther king jr. day",
    "link": "https://trends.google.com/trending/rss?geo=US-OK"
  },
  "US-OR": {
    "title": "spain train crash",
    "link": "https://trends.google.com/trending/rss?geo=US-OR"
  },
  "US-PA": {
    "title": "college football championship",
    "link": "https://trends.google.com/trending/rss?geo=US-PA"
  },
  "US-RI": {
    "title": "dr. martin luther king jr. day",
    "link": "https://trends.google.com/trending/rss?geo=US-RI"
  },
  "US-SC": {
    "title": "charlotte weather",
    "link": "https://trends.google.com/trending/rss?geo=US-SC"
  },
  "US-SD": {
    "title": "dr. martin luther king jr. day",
    "link": "https://trends.google.com/trending/rss?geo=US-SD"
  },
  "US-TN": {
    "title": "dr. martin luther king jr. day",
    "link": "https://trends.google.com/trending/rss?geo=US-TN"
  },
  "US-TX": {
    "title": "when is martin luther king birthday",
    "link": "https://trends.google.com/trending/rss?geo=US-TX"
  },
  "US-UT": {
    "title": "dr. martin luther king jr. day",
    "link": "https://trends.google.com/trending/rss?geo=US-UT"
  },
  "US-VT": {
    "title": "dr. martin luther king jr. day",
    "link": "https://trends.google.com/trending/rss?geo=US-VT"
  },
  "US-VA": {
    "title": "a",
    "link": "https://trends.google.com/trending/rss?geo=US-VA"
  },
  "US-WA": {
    "title": "don lemon",
    "link": "https://trends.google.com/trending/rss?geo=US-WA"
  },
  "US-WV": {
    "title": "dr. martin luther king jr. day",
    "link": "https://trends.google.com/trending/rss?geo=US-WV"
  },
  "US-WI": {
    "title": "school closings",
    "link": "https://trends.google.com/trending/rss?geo=US-WI"
  },
  "US-WY": {
    "title": "dr. martin luther king jr. day",
    "link": "https://trends.google.com/trending/rss?geo=US-WY"
  }
}